﻿[
  {
    "": null,
    "": null,
    "": null,   
    "client_name": "john",
    "client_code": "jp",
	},
	 {
    "": null,
    "": null,
    "": null,   
    "client_name": "john",
    "client_code": "jp1",
	},
	 {
    "": null,
    "": null,
    "": null,   
    "client_name": "john",
    "client_code": "jp2",
	},
	 {
    "": null,
    "": null,
    "": null,   
    "client_name": "john",
    "client_code": "jp3",
	},
	 {
    "": null,
    "": null,
    "": null,   
    "client_name": "john",
    "client_code": "jp4",
	},
	 {
    "": null,
    "": null,
    "": null,   
    "client_name": "john",
    "client_code": "jp5",
	}
]